City_ID,City,Country,Lat,Lng,Max Temp,Humidity,Cloudiness,Wind Speed,Current Description
0,Ilulissat,GL,69.2167,-51.1,44.62,81,100,6.91,light rain
1,Thompson,CA,55.7435,-97.8558,73.08,30,42,6.33,scattered clouds
2,Mayo,US,38.8876,-76.5119,91.94,79,0,6.91,clear sky
3,Sars,RU,56.5502,57.1366,59.81,95,100,4.14,overcast clouds
4,Hermanus,ZA,-34.4187,19.2345,54.81,89,73,8.32,broken clouds
5,Thatta,PK,24.7475,67.9235,85.37,78,100,5.75,overcast clouds
6,Port Blair,IN,11.6667,92.75,81.14,80,100,13.29,overcast clouds
7,Mataura,NZ,-46.1927,168.8643,34.81,95,62,2.66,broken clouds
8,Albany,US,42.6001,-73.9662,79.66,60,14,6.11,few clouds
9,Kodiak,US,57.79,-152.4072,56.71,88,100,10.36,overcast clouds
10,Merrill,US,45.1805,-89.6835,83.68,47,40,6.91,scattered clouds
11,Mar Del Plata,AR,-38.0023,-57.5575,53.94,69,0,6.91,clear sky
12,Pangkalanbuun,ID,-2.6833,111.6167,74.77,98,100,2.28,overcast clouds
13,Whitianga,NZ,-36.8333,175.7,48.92,81,91,11.88,overcast clouds
14,Rikitea,PF,-23.1203,-134.9692,73.44,74,89,22.41,overcast clouds
15,Bredasdorp,ZA,-34.5322,20.0403,52.57,94,95,4.07,overcast clouds
16,Humberto De Campos,BR,-2.5983,-43.4611,79.14,77,7,8.41,clear sky
17,Kapaa,US,22.0752,-159.319,84.18,73,75,14.97,broken clouds
18,Asau,RO,46.4333,26.4,60.28,88,73,5.03,light rain
19,Hilo,US,19.7297,-155.09,89.28,76,40,6.91,scattered clouds
20,Ushuaia,AR,-54.8,-68.3,40.66,87,40,20.71,scattered clouds
21,Saskylakh,RU,71.9167,114.0833,46.98,83,38,9.73,scattered clouds
22,Bayan,CN,46.0833,127.4,58.06,91,4,2.28,clear sky
23,Tuktoyaktuk,CA,69.4541,-133.0374,46.49,78,100,22.08,overcast clouds
24,Arraial Do Cabo,BR,-22.9661,-42.0278,73.26,83,75,14.97,broken clouds
25,Puerto Ayacucho,VE,5.6639,-67.6236,81.16,83,92,2.73,overcast clouds
26,Ambon,ID,-3.6954,128.1814,73.54,100,40,9.22,scattered clouds
27,Butaritari,KI,3.0707,172.7902,81.45,77,83,19.3,moderate rain
28,Dunedin,NZ,-45.8742,170.5036,40.8,82,98,1.99,overcast clouds
29,Beringovskiy,RU,63.05,179.3167,58.05,74,9,5.91,clear sky
30,Busselton,AU,-33.65,115.3333,51.8,82,53,4.92,broken clouds
31,Souillac,MU,-20.5167,57.5167,66.58,77,40,17.27,light rain
32,Lorengau,PG,-2.0226,147.2712,80.71,80,98,8.46,overcast clouds
33,Hamilton,US,39.1834,-84.5333,83.75,74,75,9.22,broken clouds
34,Anshan,CN,41.1236,122.99,64.63,75,2,5.68,clear sky
35,Auch,FR,43.65,0.5833,82.45,44,14,8.1,few clouds
36,Grand Gaube,MU,-20.0064,57.6608,69.39,60,92,8.01,overcast clouds
37,Nizhniy Kuranakh,RU,58.8353,125.4869,54.05,98,100,2.62,overcast clouds
38,Aklavik,CA,68.2191,-135.0107,58.95,37,24,8.57,few clouds
39,Honiara,SB,-9.4333,159.95,78.89,81,58,3.69,broken clouds
40,Qaqortoq,GL,60.7167,-46.0333,43.72,89,100,6.04,moderate rain
41,Yellowknife,CA,62.456,-114.3525,69.01,52,100,11.61,overcast clouds
42,Cidreira,BR,-30.1811,-50.2056,58.05,72,4,7.83,clear sky
43,Shingu,JP,33.7333,135.9833,79.18,90,100,1.66,overcast clouds
44,Bluff,NZ,-46.6,168.3333,41.54,70,89,8.34,overcast clouds
45,East London,ZA,-33.0153,27.9116,62.01,78,75,4.56,broken clouds
46,Coihaique,CL,-45.5752,-72.0662,48.15,66,75,6.91,broken clouds
47,New Norfolk,AU,-42.7826,147.0587,39.7,81,37,2.33,scattered clouds
48,Okha,RU,53.5739,142.9478,58.08,84,49,6.11,scattered clouds
49,Luena,AO,-11.7833,19.9167,58.23,25,0,3.98,clear sky
50,Khatanga,RU,71.9667,102.5,44.06,78,100,11.65,overcast clouds
51,Dusti,TJ,37.3481,68.664,78.01,24,0,3.69,clear sky
52,Castro,BR,-24.7911,-50.0119,47.41,91,99,11.59,overcast clouds
53,Ancud,CL,-41.8697,-73.8203,51.22,94,100,15.57,light rain
54,Upernavik,GL,72.7868,-56.1549,41.34,83,97,10.98,overcast clouds
55,Qaanaaq,GL,77.484,-69.3632,38.62,63,88,2.37,overcast clouds
56,Den Helder,NL,52.9599,4.7593,70.02,84,0,13.0,clear sky
57,Tuatapere,NZ,-46.1333,167.6833,35.4,92,20,4.23,few clouds
58,Kaitangata,NZ,-46.2817,169.8464,37.9,87,92,1.34,overcast clouds
59,Barrow,US,71.2906,-156.7887,46.42,81,100,17.27,light rain
60,Jamestown,US,42.097,-79.2353,80.02,52,75,8.05,broken clouds
61,Sanmenxia,CN,34.7747,111.1814,72.64,91,74,7.58,broken clouds
62,High Level,CA,58.5169,-117.136,85.1,27,10,5.95,clear sky
63,Mount Isa,AU,-20.7333,139.5,44.37,61,0,0.0,clear sky
64,Ranibennur,IN,14.6167,75.6167,71.17,87,100,20.65,overcast clouds
65,Kahului,US,20.8947,-156.47,89.62,45,20,27.63,few clouds
66,Victoria,HK,22.2855,114.1577,83.32,88,100,11.01,overcast clouds
67,Bose,IT,45.4612,8.0137,71.74,87,73,9.1,broken clouds
68,Iqaluit,CA,63.7506,-68.5145,54.7,66,3,10.0,clear sky
69,Waipawa,NZ,-41.4122,175.5153,42.48,77,100,6.13,overcast clouds
70,Aguimes,ES,27.9054,-15.4461,70.43,68,20,24.16,few clouds
71,Saint George,US,37.1041,-113.5841,94.42,34,0,6.91,clear sky
72,Fomboni,KM,-12.28,43.7425,75.22,70,2,2.51,clear sky
73,Xuddur,SO,4.1213,43.8894,70.84,80,84,20.31,broken clouds
74,Teya,RU,60.3778,92.6267,54.73,98,13,2.95,few clouds
75,Deep River,CA,46.1001,-77.4995,80.94,36,0,8.75,clear sky
76,Port Alfred,ZA,-33.5906,26.891,60.15,84,85,6.38,overcast clouds
77,Avanigadda,IN,16.0215,80.9181,82.9,63,100,13.82,overcast clouds
78,Lydenburg,ZA,-25.0978,30.4597,52.05,47,0,1.03,clear sky
79,Avarua,CK,-21.2078,-159.775,77.05,69,40,17.27,scattered clouds
80,Jian,CN,27.1172,114.9793,79.48,75,56,5.37,broken clouds
81,Komsomolskiy,UZ,40.4272,71.7189,79.52,38,53,4.61,broken clouds
82,Tiarei,PF,-17.5333,-149.3333,80.62,73,77,11.43,light rain
83,Maputo,MZ,-25.9653,32.5892,69.48,88,0,10.36,clear sky
84,Mitsamiouli,KM,-11.3847,43.2844,75.61,73,2,7.56,clear sky
85,Cape Town,ZA,-33.9258,18.4232,57.61,92,75,6.91,broken clouds
86,Punta Arenas,CL,-53.15,-70.9167,44.11,81,0,2.3,clear sky
87,Gwadar,PK,25.1216,62.3254,84.09,82,100,2.3,overcast clouds
88,Baykit,RU,61.67,96.37,58.82,92,100,3.71,overcast clouds
89,Dubai,AE,25.2582,55.3047,96.73,49,0,8.05,clear sky
90,Mayumba,GA,-3.432,10.6554,69.22,93,10,8.03,clear sky
91,Boguchany,RU,58.3814,97.4531,53.11,97,75,3.0,broken clouds
92,Balaka,MW,-14.9793,34.9558,66.25,42,0,2.82,clear sky
93,Falam,MM,22.9167,93.6833,60.06,98,7,0.92,clear sky
94,Narsaq,GL,60.9167,-46.05,50.22,85,100,2.68,moderate rain
95,Chau Doc,VN,10.7,105.1167,77.32,84,100,9.31,overcast clouds
96,Uyovu,TZ,-3.2833,31.5258,75.9,32,100,3.06,overcast clouds
97,Puerto Ayora,EC,-0.7393,-90.3518,80.56,92,84,8.01,broken clouds
98,Namibe,AO,-15.1961,12.1522,61.68,88,33,4.97,scattered clouds
99,Cherskiy,RU,68.75,161.3,60.3,65,0,2.86,clear sky
100,Bethel,US,41.3712,-73.414,88.18,54,20,4.61,few clouds
101,Urumqi,CN,43.801,87.6005,68.95,68,0,2.24,clear sky
102,Atuona,PF,-9.8,-139.0333,77.32,76,13,22.08,few clouds
103,Madang,PG,-5.2246,145.7966,76.12,92,100,1.59,overcast clouds
104,Dillon,US,34.4166,-79.3712,97.14,29,55,13.53,broken clouds
105,Hamadan,IR,34.7992,48.5146,74.28,35,0,6.91,clear sky
106,Half Moon Bay,US,37.4636,-122.4286,87.89,62,0,19.57,clear sky
107,Sorland,NO,67.667,12.6934,55.26,90,100,30.62,light rain
108,Isabela,PH,6.7085,121.9711,77.05,84,98,1.61,overcast clouds
109,Bengkulu,ID,-3.8004,102.2655,74.79,88,48,4.05,scattered clouds
110,Hobart,AU,-42.8794,147.3294,40.05,88,0,5.75,clear sky
111,Fereydun Kenar,IR,36.6864,52.5225,79.02,71,4,1.05,clear sky
112,Sambava,MG,-14.2667,50.1667,69.24,75,27,16.37,scattered clouds
113,San Francisco Del Mar,MX,16.2333,-94.65,89.91,58,84,11.65,broken clouds
114,Coihueco,CL,-36.6167,-71.8333,56.14,58,0,3.44,clear sky
115,Vanimo,PG,-2.6741,141.3028,75.74,91,100,4.68,overcast clouds
116,Houma,US,29.5958,-90.7195,87.01,70,40,6.91,scattered clouds
117,Chatra,IN,24.2167,84.8667,74.89,93,98,5.48,overcast clouds
118,Hashtrud,IR,37.4779,47.0508,67.95,58,0,4.94,clear sky
119,Lebu,CL,-37.6167,-73.65,51.04,77,1,3.74,clear sky
120,Ribeira Grande,PT,38.5167,-28.7,72.75,74,45,10.51,scattered clouds
121,Saint-Ambroise,CA,48.5501,-71.3324,75.58,49,17,7.23,few clouds
122,Cururupu,BR,-1.8283,-44.8683,78.24,81,16,4.83,few clouds
123,Tukan,RU,53.8409,57.4552,58.6,86,49,2.3,scattered clouds
124,Mahebourg,MU,-20.4081,57.7,69.26,77,40,17.27,scattered clouds
125,Airai,TL,-8.9266,125.4092,56.79,61,59,2.71,broken clouds
126,Avera,US,33.194,-82.5271,90.91,42,98,5.19,overcast clouds
127,Balikpapan,ID,-1.2675,116.8289,76.19,94,75,0.0,broken clouds
128,Aviemore,GB,57.1955,-3.8259,60.48,78,7,6.2,clear sky
129,San Quintin,MX,30.4833,-115.95,78.75,65,38,14.45,scattered clouds
130,Carnarvon,AU,-24.8667,113.6333,56.52,56,0,17.02,clear sky
131,Sergeyevka,KZ,53.88,67.4158,61.23,89,22,6.73,few clouds
132,Chuy,UY,-33.6971,-53.4616,49.3,84,2,5.59,clear sky
133,Fonte Boa,BR,-2.4959,-66.2662,91.4,48,71,3.09,broken clouds
134,Bambous Virieux,MU,-20.3428,57.7575,69.22,77,40,17.27,light rain
135,Bama,NG,11.5221,13.6856,73.6,90,100,11.7,moderate rain
136,Esperance,AU,-33.8667,121.9,56.71,72,60,19.13,broken clouds
137,Chulym,RU,55.0997,80.9572,61.0,86,45,7.7,scattered clouds
138,Mkushi,ZM,-13.6202,29.3939,57.36,49,0,3.13,clear sky
139,Plouzane,FR,48.3833,-4.6167,69.85,83,0,5.75,clear sky
140,Arlit,NE,18.7369,7.3853,96.42,27,9,17.92,clear sky
141,Saint-Philippe,RE,-21.3585,55.7679,67.59,79,56,15.14,light rain
142,Khowai,IN,24.1,91.6333,74.12,96,61,4.09,broken clouds
143,Akonolinga,CM,3.7667,12.25,68.49,98,100,4.52,overcast clouds
144,Minas,UY,-34.3759,-55.2377,49.5,77,91,5.7,overcast clouds
145,Deputatskiy,RU,69.3,139.9,56.16,70,91,1.32,overcast clouds
146,Skjervoy,NO,70.0311,20.9714,55.4,87,100,11.32,light rain
147,Celestun,MX,20.8667,-90.4,84.2,70,80,7.47,broken clouds
148,Hovd,MN,48.0056,91.6419,68.83,34,100,4.97,overcast clouds
149,Talcahuano,CL,-36.7167,-73.1167,51.49,75,0,6.04,clear sky
150,Katsuura,JP,35.1333,140.3,81.01,89,100,13.53,overcast clouds
151,Dikson,RU,73.5069,80.5464,42.15,90,99,9.57,overcast clouds
152,Pevek,RU,69.7008,170.3133,39.02,93,98,5.32,overcast clouds
153,Camacari,BR,-12.6975,-38.3242,76.77,78,15,6.44,few clouds
154,Nikolskoye,RU,59.7035,30.7861,59.88,78,36,2.95,scattered clouds
155,Haines Junction,CA,60.7522,-137.5108,45.59,93,100,3.36,light rain
156,Vaini,TO,-21.2,-175.2,78.96,94,75,14.97,broken clouds
157,Lagoa,PT,39.05,-27.9833,71.01,71,77,8.12,broken clouds
158,Yenagoa,NG,4.9247,6.2642,74.5,93,100,4.0,overcast clouds
159,Mareeba,AU,-17.0,145.4333,65.12,89,81,3.2,broken clouds
160,Vaiano,IT,43.949,11.1232,78.58,56,0,5.75,clear sky
161,Meulaboh,ID,4.1363,96.1285,76.19,88,67,3.29,broken clouds
162,Tateyama,JP,34.9833,139.8667,83.1,89,96,11.1,overcast clouds
163,Yarmouth,US,41.7057,-70.2286,75.34,83,100,6.91,overcast clouds
164,Aswan,EG,24.0934,32.907,95.16,24,58,16.8,broken clouds
165,Gazojak,TM,41.1875,61.4036,75.2,35,0,11.65,clear sky
166,Kilindoni,TZ,-7.9139,39.6668,76.26,76,31,15.84,scattered clouds
167,Corn Island,NI,12.1694,-83.0418,81.77,84,100,16.22,overcast clouds
168,Mount Darwin,ZW,-16.7725,31.5838,59.27,51,0,2.64,clear sky
169,Mecca,SA,21.4267,39.8261,90.48,59,44,8.63,scattered clouds
170,Severo-Kurilsk,RU,50.6789,156.125,55.71,93,49,10.58,scattered clouds
171,Saint-Honore,CA,48.5334,-71.0824,75.29,54,18,6.8,few clouds
172,Hornepayne,CA,49.2138,-84.7705,64.83,53,98,11.39,overcast clouds
173,Kanpur,IN,26.4667,80.35,84.47,66,100,20.87,overcast clouds
174,Richards Bay,ZA,-28.783,32.0377,65.3,90,33,3.38,scattered clouds
175,Kendari,ID,-3.945,122.4989,72.3,96,99,3.67,overcast clouds
176,Belgrade,RS,44.804,20.4651,68.34,73,0,9.22,clear sky
177,Verkhovazhye,RU,60.7472,42.0465,51.73,95,6,2.59,clear sky
178,Abashiri,JP,44.0213,144.2697,68.95,90,30,3.76,scattered clouds
179,Siwan,IN,26.2167,84.3667,82.69,71,68,17.49,broken clouds
180,Kailua,US,21.4022,-157.7394,87.78,69,0,12.66,clear sky
181,Nantucket,US,41.2835,-70.0995,75.34,83,100,12.66,overcast clouds
182,Koumac,NC,-20.5667,164.2833,67.87,58,0,14.0,clear sky
183,Sur,OM,22.5667,59.5289,88.56,56,100,10.27,overcast clouds
184,Buchanan,LR,5.8808,-10.0467,75.43,87,100,11.39,light rain
185,Denpasar,ID,-8.65,115.2167,78.46,94,75,2.3,broken clouds
186,Lompoc,US,34.6391,-120.4579,92.01,62,0,16.11,clear sky
187,Buloh Kasap,MY,2.5536,102.764,74.97,90,21,2.75,few clouds
188,Aksha,RU,50.2814,113.2867,49.78,58,75,2.01,broken clouds
189,Constitucion,CL,-35.3333,-72.4167,54.07,71,0,10.51,clear sky
190,Hasaki,JP,35.7333,140.8333,81.0,90,100,15.14,overcast clouds
191,Byron Bay,AU,-28.65,153.6167,51.94,78,99,7.43,overcast clouds
192,Padang,ID,-0.9492,100.3543,77.27,83,15,2.98,few clouds
193,Vao,NC,-22.6667,167.4833,67.32,56,40,20.92,scattered clouds
194,Vallenar,CL,-28.5708,-70.7581,78.24,13,84,4.12,broken clouds
195,San Cristobal,VE,7.7669,-72.225,80.78,85,100,5.41,overcast clouds
196,Maneadero,MX,31.7167,-116.5667,79.11,78,21,5.01,few clouds
197,Susanville,US,40.4163,-120.653,87.64,17,0,18.41,clear sky
198,Luwuk,ID,-0.9516,122.7875,76.35,91,100,4.76,overcast clouds
199,Dumai,ID,1.6833,101.45,74.05,95,61,2.68,broken clouds
200,Georgetown,MY,5.4112,100.3354,80.89,92,20,3.44,few clouds
201,Vila Velha,BR,-20.3297,-40.2925,76.95,80,0,13.8,clear sky
202,Jovellar,PH,13.0695,123.5999,76.06,90,94,2.55,overcast clouds
203,Prince George,CA,53.9166,-122.753,86.25,34,0,1.99,clear sky
204,Chokurdakh,RU,70.6333,147.9167,61.52,55,58,11.16,broken clouds
205,Vidim,RU,56.4088,103.1106,54.37,98,100,1.57,moderate rain
206,Tukrah,LY,32.5341,20.5791,80.08,70,0,6.49,clear sky
207,Churapcha,RU,62.0025,132.4325,56.41,93,100,4.63,overcast clouds
208,Bismarck,US,46.8083,-100.7837,84.04,32,0,13.8,clear sky
209,Sitka,US,57.0531,-135.33,62.49,72,100,6.91,overcast clouds
210,Alyangula,AU,-13.8483,136.4192,64.27,94,100,4.61,overcast clouds
211,Vannes,FR,47.8333,-2.5,77.61,33,0,11.25,clear sky
212,Hofn,IS,64.2539,-15.2082,54.9,64,6,7.02,clear sky
213,San Patricio,US,28.017,-97.5169,101.16,35,12,16.51,few clouds
214,Parkes,AU,-33.1333,148.1833,50.36,70,100,5.01,light rain
215,Young,UY,-32.6833,-57.6333,50.67,71,75,6.6,broken clouds
216,Fairbanks,US,64.8378,-147.7164,63.01,53,0,0.0,clear sky
217,Sarakhs,IR,36.5449,61.1577,76.53,21,0,7.29,clear sky
218,Laurel,US,39.0993,-76.8483,89.62,72,75,9.22,thunderstorm
219,Gobabis,NA,-22.45,18.9667,63.19,12,0,8.84,clear sky
220,Siyabuswa,ZA,-25.1132,29.0445,60.69,32,0,4.85,clear sky
221,Tabas,IR,33.5959,56.9244,85.68,21,0,4.12,clear sky
222,Japura,ID,-0.3167,102.35,73.92,93,54,2.93,broken clouds
223,Pangnirtung,CA,66.1451,-65.7125,47.8,74,66,2.77,broken clouds
224,Nanortalik,GL,60.1432,-45.2371,44.24,88,92,2.48,moderate rain
225,Paamiut,GL,61.994,-49.6678,42.84,96,100,7.16,moderate rain
226,Clyde River,CA,70.4692,-68.5914,42.4,71,99,4.25,overcast clouds
227,Rocha,UY,-34.4833,-54.3333,47.3,83,42,6.13,scattered clouds
228,Dubna,RU,56.7333,37.1667,54.68,75,1,3.94,clear sky
229,Arkansas City,US,37.062,-97.0384,96.94,30,20,8.05,few clouds
230,Koslan,RU,63.4564,48.8989,54.27,85,100,4.9,overcast clouds
231,Saldanha,ZA,-33.0117,17.9442,57.25,92,100,1.95,overcast clouds
232,College,US,64.8569,-147.8028,63.0,53,40,0.0,scattered clouds
233,Saint-Georges,GD,12.0564,-61.7485,83.28,74,100,10.22,overcast clouds
234,Bandarbeyla,SO,9.4942,50.8122,77.31,80,93,33.53,overcast clouds
235,Tasiilaq,GL,65.6145,-37.6368,42.96,77,100,6.04,overcast clouds
236,Bubaque,GW,11.2833,-15.8333,80.46,86,99,13.82,overcast clouds
237,Yakima,US,46.4665,-120.6678,96.85,29,0,11.5,clear sky
238,Huarmey,PE,-10.0681,-78.1522,67.57,70,11,9.95,few clouds
239,Cabedelo,BR,-6.9811,-34.8339,77.67,80,5,10.94,clear sky
240,Kiunga,PG,-6.1219,141.2906,73.09,99,98,2.13,light rain
241,Lazaro Cardenas,MX,17.9583,-102.2,87.31,64,99,10.49,overcast clouds
242,Oistins,BB,13.0667,-59.5333,80.69,89,40,5.75,scattered clouds
243,Kunri,PK,25.1785,69.5691,88.81,70,99,9.1,overcast clouds
244,Boa Vista,BR,2.8197,-60.6733,91.38,49,40,10.36,scattered clouds
245,Bronnoysund,NO,65.4625,12.1997,57.2,94,75,23.02,moderate rain
246,Belmonte,BR,-15.8631,-38.8828,74.34,74,1,13.87,clear sky
247,Oster,UA,50.9506,30.8823,61.38,83,100,7.07,overcast clouds
248,Flin Flon,CA,54.7682,-101.865,70.12,37,0,6.08,clear sky
249,Norman Wells,CA,65.282,-126.8329,53.55,60,100,13.18,overcast clouds
250,Mao,ES,39.8885,4.2658,81.16,69,0,3.44,clear sky
251,Auki,SB,-8.7676,160.7034,78.46,86,46,3.51,scattered clouds
252,Son Tay,VN,21.1378,105.505,76.93,98,100,10.07,heavy intensity rain
253,Perelyub,RU,51.8667,50.3667,75.94,50,72,6.8,broken clouds
254,Wah,PK,33.798,72.6957,88.02,59,1,6.82,clear sky
255,Talnakh,RU,69.4865,88.3972,47.21,81,100,6.08,overcast clouds
256,San Carlos De Bariloche,AR,-41.1456,-71.3082,46.15,53,0,4.61,clear sky
257,Vila,PT,42.0304,-8.1588,65.28,79,20,4.03,few clouds
258,Luderitz,NA,-26.6481,15.1594,56.55,70,39,11.18,scattered clouds
259,Hailar,CN,49.2,119.7,56.7,78,100,6.85,overcast clouds
260,Guerrero Negro,MX,27.9769,-114.0611,80.62,58,68,14.76,broken clouds
261,Shiyan,CN,32.6475,110.7781,78.24,80,88,0.98,overcast clouds
262,Iracoubo,GF,5.4802,-53.2011,81.48,79,16,10.04,few clouds
263,Andra,RU,62.5147,65.8878,57.81,64,92,6.93,overcast clouds
264,Omuta,JP,33.0333,130.45,82.27,89,20,10.36,few clouds
265,Ha Giang,VN,22.8333,104.9833,76.48,98,100,3.44,overcast clouds
266,Andenes,NO,69.3143,16.1194,55.38,94,75,18.41,light rain
267,Karratha,AU,-20.7377,116.8463,60.62,29,0,13.15,clear sky
268,Marshall,US,34.3834,-86.3333,87.51,78,0,3.44,clear sky
269,Kabinda,CD,-6.1333,24.4833,73.02,26,100,3.69,overcast clouds
270,Nabire,ID,-3.3667,135.4833,74.07,90,29,3.47,scattered clouds
271,Teahupoo,PF,-17.8333,-149.2667,75.16,73,99,12.15,moderate rain
272,Santiago De Cuba,CU,20.0247,-75.8219,86.11,74,40,9.22,scattered clouds
273,Geraldton,AU,-28.7667,114.6,41.41,87,0,1.14,clear sky
274,Sai Buri,TH,6.7013,101.6168,76.37,87,100,4.68,overcast clouds
275,Tiksi,RU,71.6872,128.8694,50.2,83,8,5.32,clear sky
276,Namatanai,PG,-3.6667,152.4333,79.36,82,93,3.49,light rain
277,Yumen,CN,40.2833,97.2,76.51,34,3,11.97,clear sky
278,Ponta Do Sol,PT,32.6667,-17.1,72.72,93,46,6.11,scattered clouds
279,Pontianak,ID,-0.0333,109.3333,73.38,94,100,2.3,overcast clouds
280,Bathsheba,BB,13.2167,-59.5167,81.21,89,40,5.75,scattered clouds
281,Victor Harbor,AU,-35.5667,138.6167,47.68,84,7,15.1,clear sky
282,Banepa,NP,27.6298,85.5214,70.12,94,75,3.44,broken clouds
283,Kamaishi,JP,39.2667,141.8833,76.05,88,100,6.96,overcast clouds
284,Ramsar,IR,36.9226,50.6426,74.64,88,40,2.3,scattered clouds
285,Kirovskiy,RU,45.0917,133.5136,60.73,87,97,5.19,light rain
286,Goias,BR,-15.5807,-49.6362,77.61,36,87,8.5,overcast clouds
287,Khandyga,RU,62.6667,135.6,56.21,93,100,1.92,overcast clouds
288,Cholet,FR,47.1667,-1.0,83.44,29,0,8.88,clear sky
289,Benghazi,LY,32.1167,20.0667,82.26,59,0,10.98,clear sky
290,Inta,RU,66.0317,60.1659,49.12,69,90,7.78,overcast clouds
291,Catamarca,AR,-28.4696,-65.7852,67.59,40,87,11.01,overcast clouds
292,Manokwari,ID,-0.8667,134.0833,77.38,77,87,4.09,overcast clouds
293,Tymovskoye,RU,50.8456,142.655,59.58,79,94,6.13,light rain
294,Chabahar,IR,25.2919,60.643,82.76,84,100,2.37,overcast clouds
295,Nuuk,GL,64.1835,-51.7216,47.01,87,75,3.44,broken clouds
296,Marienburg,PL,54.0359,19.0266,59.11,85,35,5.06,scattered clouds
297,Kavieng,PG,-2.5744,150.7967,79.47,79,100,1.81,light rain
298,Qui Nhon,VN,13.7667,109.2333,79.43,77,100,5.82,heavy intensity rain
299,Henties Bay,NA,-22.116,14.2845,54.1,91,0,9.01,clear sky
300,Huron,US,41.1501,-82.5499,79.52,67,82,5.3,broken clouds
301,Fortuna,US,40.5982,-124.1573,75.92,67,20,12.66,few clouds
302,Brae,GB,60.3964,-1.353,56.12,95,100,17.13,light rain
303,Adrar,MR,20.5022,-10.0711,101.88,14,39,12.86,scattered clouds
304,Hithadhoo,MV,-0.6,73.0833,81.93,73,30,7.63,scattered clouds
305,Warri,NG,5.5167,5.75,76.48,85,100,6.24,overcast clouds
306,Longkou,CN,37.6508,120.3286,72.91,91,100,7.05,overcast clouds
307,Abonnema,NG,4.7084,6.7931,75.61,89,99,6.13,overcast clouds
308,Makakilo City,US,21.3469,-158.0858,86.32,53,40,16.11,scattered clouds
309,Kochubey,RU,44.3861,46.5825,77.61,69,0,15.75,clear sky
310,Cap-Aux-Meules,CA,47.3821,-61.8597,64.94,79,51,12.03,broken clouds
311,Poya,NC,-21.35,165.15,66.74,64,10,8.72,clear sky
312,Port Hedland,AU,-20.3167,118.5667,55.45,58,6,6.91,clear sky
313,Ahipara,NZ,-35.1667,173.1667,52.84,79,92,7.07,overcast clouds
314,Faanui,PF,-16.4833,-151.75,77.07,71,0,4.29,clear sky
315,Pinega,RU,64.7001,43.3936,54.23,76,28,5.1,scattered clouds
316,Husavik,IS,66.0449,-17.3389,44.94,87,95,7.61,overcast clouds
317,Makat,KZ,47.6469,53.3463,88.34,22,54,9.71,broken clouds
318,Kissidougou,GN,9.1848,-10.0999,70.48,97,94,3.76,light rain
319,Colares,PT,38.7992,-9.4469,71.33,75,0,8.99,clear sky
320,Jumla,NP,29.2747,82.1838,62.6,98,100,2.84,heavy intensity rain
321,Saint-Francois,FR,46.4154,3.9054,69.24,46,0,1.14,clear sky
322,Tezu,IN,27.9167,96.1667,76.77,86,44,2.33,scattered clouds
323,Progreso,MX,21.2833,-89.6667,89.71,82,56,14.29,broken clouds
324,Ixtapa,MX,20.7,-105.2,85.23,62,100,5.01,overcast clouds
325,Longyearbyen,SJ,78.2186,15.6401,48.04,76,75,4.61,broken clouds
326,Orlovka,RU,44.6914,44.1744,73.85,62,13,13.22,few clouds
327,Nishihara,JP,26.1842,127.7558,82.45,83,40,4.61,haze
328,Beyneu,KZ,45.3167,55.2,81.19,37,1,11.3,clear sky
329,Mansfield,GB,53.1333,-1.2,73.83,62,9,3.67,clear sky
330,Novyy Urengoy,RU,66.0833,76.6333,51.28,66,84,6.87,broken clouds
331,Singaparna,ID,-7.3515,108.111,70.83,98,95,1.79,overcast clouds
332,Kargasok,RU,59.0556,80.8572,57.72,89,78,8.95,broken clouds
333,Marquette,US,46.5333,-87.6335,73.78,56,0,9.4,clear sky
334,Luanda,AO,-8.8368,13.2343,66.97,88,0,7.67,clear sky
335,Kobyzhcha,UA,50.8285,31.5044,61.65,88,100,6.6,overcast clouds
336,Mabay,PH,6.0577,124.4666,77.04,85,16,4.41,few clouds
337,Torbay,CA,47.6666,-52.7314,58.57,85,100,10.0,overcast clouds
338,Sao Filipe,CV,14.8961,-24.4956,78.35,87,68,8.79,broken clouds
339,Xuanhua,CN,40.6103,115.0447,68.65,70,0,1.43,clear sky
340,Staraya Kulatka,RU,52.7167,47.6167,69.06,71,83,6.73,broken clouds
341,Korla,CN,41.7597,86.1469,86.68,26,44,14.97,scattered clouds
342,Orange Walk,BZ,17.8333,-88.8333,74.12,98,100,5.23,overcast clouds
343,Mae Ramat,TH,16.984,98.5166,75.79,99,98,1.63,light rain
344,Ukiah,US,39.1502,-123.2078,89.44,35,0,5.01,clear sky
345,Rio Grande,BR,-32.035,-52.0986,60.91,83,46,11.56,scattered clouds
346,Hermagor,AT,46.6272,13.3672,63.54,69,86,3.15,overcast clouds
347,Hervey Bay,AU,-25.2986,152.8535,63.77,65,5,10.42,clear sky
348,Khilok,RU,51.3674,110.4676,55.06,61,100,3.47,overcast clouds
349,Nata,PA,8.3333,-80.5167,84.07,89,100,3.65,overcast clouds
350,Cabo San Lucas,MX,22.8909,-109.9124,94.6,64,75,6.91,broken clouds
351,Zyryanka,RU,65.75,150.85,69.44,57,100,11.03,overcast clouds
352,Wucheng,CN,29.6008,118.175,77.16,85,82,1.14,broken clouds
353,Chicama,PE,-7.8447,-79.1469,61.34,71,58,6.55,broken clouds
354,Isangel,VU,-19.55,169.2667,71.71,60,75,4.61,broken clouds
355,Tabou,CI,4.423,-7.3528,75.83,79,96,7.58,overcast clouds
356,Thinadhoo,MV,0.5333,72.9333,81.43,72,10,3.04,clear sky
357,Verkhnevilyuysk,RU,63.4453,120.3167,56.77,84,99,4.05,overcast clouds
358,De Aar,ZA,-30.6497,24.0123,53.31,26,59,4.07,broken clouds
359,Koulikoro,ML,14.0,-7.75,78.35,80,91,4.61,overcast clouds
360,Mahon,ES,39.8885,4.2658,81.16,69,0,3.44,clear sky
361,Binghamton,US,42.0987,-75.918,82.0,54,75,6.91,broken clouds
362,Praia,CV,14.9215,-23.5087,81.14,78,40,11.5,scattered clouds
363,Hirara,JP,24.8,125.2833,84.78,68,6,6.58,clear sky
364,Nanakuli,US,21.3906,-158.1547,87.75,54,40,11.5,scattered clouds
365,Soyo,AO,-6.1349,12.3689,68.59,90,17,5.61,few clouds
366,Fort Abbas,PK,29.1925,72.8536,93.52,50,21,12.48,few clouds
367,Jalu,LY,29.0331,21.5482,82.02,49,0,17.05,clear sky
368,Nyaunglebin,MM,17.95,96.7333,73.63,96,96,0.87,overcast clouds
369,Fukue,JP,32.6881,128.8419,83.41,77,100,12.57,overcast clouds
370,Ayr,GB,55.4627,-4.6339,61.99,77,0,3.44,clear sky
371,Nea Alikarnassos,GR,35.3333,25.1667,79.83,62,20,11.5,few clouds
372,Deming,US,32.2687,-107.7586,89.49,33,0,8.05,clear sky
373,Marawi,PH,7.9986,124.2928,68.32,87,53,2.24,broken clouds
374,Bella Union,UY,-30.2752,-57.6007,49.95,77,23,6.42,few clouds
375,Kandrian,PG,-6.2167,149.55,77.94,91,98,10.38,light rain
376,Codrington,AU,-38.2667,141.9667,47.48,94,100,13.73,light rain
377,Abu Kamal,SY,34.4506,40.9171,88.52,31,0,15.14,clear sky
378,Sisimiut,GL,66.9395,-53.6735,43.14,88,100,3.71,overcast clouds
379,Port Elizabeth,ZA,-33.918,25.5701,56.32,91,0,4.61,clear sky
380,Collie,AU,-33.3667,116.15,45.19,94,39,1.63,scattered clouds
381,Anito,PH,12.4497,125.2886,76.98,90,85,1.79,overcast clouds
382,Mazamari,PE,-11.3258,-74.5308,73.13,79,85,1.41,overcast clouds
383,Provideniya,RU,64.3833,-173.3,50.36,100,75,2.24,fog
384,Uyskoye,RU,54.3775,60.0047,61.3,81,46,2.8,scattered clouds
385,Namie,JP,37.4833,141.0,82.71,87,100,4.9,overcast clouds
386,Lata,PT,40.1629,-8.3327,62.29,94,0,1.81,clear sky
387,Emba,KZ,48.8264,58.1442,73.87,44,3,7.49,clear sky
388,Camacha,PT,33.0833,-16.3333,67.42,78,40,11.5,scattered clouds
389,Hastings,GB,50.8552,0.5729,70.79,75,0,13.24,clear sky
390,Khani,GE,41.9563,42.9566,63.97,67,7,4.52,clear sky
391,Kavaratti,IN,10.5669,72.642,81.28,83,71,21.72,broken clouds
392,El Calvario,GT,14.1167,-89.9167,72.39,82,62,1.72,broken clouds
393,Shimizu,JP,43.0061,142.8847,72.5,88,30,1.83,scattered clouds
394,Tovste,UA,48.8466,25.7262,58.66,77,88,5.88,overcast clouds
395,Saint-Louis,SN,16.3333,-15.0,87.44,58,97,20.07,overcast clouds
396,Santiago Del Estero,AR,-27.7951,-64.2615,68.18,25,81,13.94,broken clouds
397,Kyshtovka,RU,56.555,76.6271,60.06,97,35,7.43,light rain
398,Tommot,RU,58.9564,126.2925,55.06,98,100,5.73,moderate rain
399,Raudeberg,NO,61.9875,5.1352,59.67,89,100,31.32,overcast clouds
400,Nagato,JP,34.3833,131.2,80.58,85,99,6.49,overcast clouds
401,Khudumelapye,BW,-23.8833,24.75,58.01,34,0,7.36,clear sky
402,Disna,BY,55.568,28.1971,59.2,70,84,4.72,broken clouds
403,Iida,JP,35.5197,137.8207,74.79,100,99,1.86,overcast clouds
404,Jieshi,CN,22.8134,115.8257,79.95,87,40,6.8,scattered clouds
405,Salalah,OM,17.0151,54.0924,77.09,100,100,5.75,overcast clouds
406,Coquimbo,CL,-29.9533,-71.3436,56.93,88,0,12.66,clear sky
407,Klaksvik,FO,62.2266,-6.589,52.72,84,25,21.79,scattered clouds
408,Burgersdorp,ZA,-30.9977,26.3286,51.48,34,61,4.74,broken clouds
409,Ejura,GH,7.3856,-1.3562,73.17,90,94,7.94,light rain
410,Manavalakurichi,IN,8.1333,77.3,77.22,86,100,14.18,overcast clouds
411,Nesna,NO,66.1967,13.0213,59.52,98,100,22.03,light rain
412,Naryan-Mar,RU,67.6713,53.087,55.06,70,77,8.1,broken clouds
413,Oros,BR,-6.2444,-38.9136,79.99,36,4,4.68,clear sky
414,Hoskote,IN,13.0669,77.7983,68.2,94,40,13.8,heavy intensity rain
415,Trofors,NO,65.5333,13.4063,58.87,95,100,15.82,light rain
416,Khandbari,NP,27.3747,87.2039,72.79,90,88,2.95,overcast clouds
417,Yazykovo,RU,55.2199,56.1353,63.05,87,61,3.02,broken clouds
418,Kuloy,RU,61.0305,42.4925,51.17,95,6,3.02,clear sky
419,Bud,US,39.447,-86.1758,84.15,62,51,3.51,broken clouds
420,Gariaband,IN,20.635,82.0614,73.89,93,100,8.21,moderate rain
421,Phalombe,MW,-15.8064,35.6507,60.33,69,0,3.85,clear sky
422,Lasa,IT,46.6166,10.7002,65.35,90,33,2.3,scattered clouds
423,Ulladulla,AU,-35.35,150.4667,52.41,76,100,6.42,overcast clouds
424,Ambilobe,MG,-13.2,49.05,64.29,76,1,3.76,clear sky
425,Saran,FR,47.9501,1.876,77.83,39,0,8.05,clear sky
426,Mopti,ML,14.6667,-4.0,78.84,83,40,9.22,thunderstorm
427,Catio,GW,11.2833,-15.25,79.09,89,100,8.21,overcast clouds
428,Camacupa,AO,-12.0167,17.4833,61.63,21,0,3.96,clear sky
429,Mount Gambier,AU,-37.8333,140.7667,45.86,92,100,9.66,overcast clouds
430,Merauke,ID,-8.4667,140.3333,76.75,84,63,14.79,broken clouds
431,Sept-Iles,CA,50.2001,-66.3821,65.05,79,1,5.99,clear sky
432,Grenada,ES,37.1882,-3.6067,82.76,47,0,5.75,clear sky
433,Mo I Rana,NO,66.3128,14.1428,57.67,93,75,8.05,moderate rain
434,Choma,ZM,-16.8065,26.9531,60.21,31,0,2.98,clear sky
435,Labateca,CO,7.2985,-72.4944,65.37,99,100,3.38,overcast clouds
436,Pokhara,NP,28.2333,83.9833,69.28,94,100,8.16,overcast clouds
437,Batemans Bay,AU,-35.7167,150.1833,52.11,79,100,3.91,overcast clouds
438,Noumea,NC,-22.2763,166.4572,70.0,99,79,15.68,broken clouds
439,Chilca,PE,-12.5211,-76.7372,62.46,81,10,7.58,clear sky
440,Olovyannaya,RU,50.95,115.5667,57.83,71,98,3.89,overcast clouds
441,Kokkola,FI,63.8385,23.1307,62.92,91,0,8.05,clear sky
442,Raga,SS,8.4596,25.678,70.7,97,100,5.41,overcast clouds
443,Ayagoz,KZ,47.9714,80.4392,61.65,78,37,1.97,scattered clouds
444,Sao Joao Da Barra,BR,-21.6403,-41.0511,77.09,80,100,10.76,overcast clouds
445,Takaka,NZ,-40.85,172.8,46.56,69,28,3.38,scattered clouds
446,Vila Franca Do Campo,PT,37.7167,-25.4333,74.19,72,53,6.22,broken clouds
447,Leh,IN,34.1667,77.5833,68.32,44,98,5.35,overcast clouds
448,Mehamn,NO,71.0357,27.8492,57.11,94,75,5.75,broken clouds
449,Pitiquito,MX,30.7,-112.0833,98.65,30,64,4.88,broken clouds
450,Voyvozh,RU,62.892,54.9635,48.9,97,83,8.1,broken clouds
451,Tvoroyri,FO,61.5556,-6.8111,52.66,86,42,22.01,scattered clouds
452,Tamale,GH,9.4008,-0.8393,79.68,68,100,5.32,overcast clouds
453,Gambela,ET,8.25,34.5833,69.98,97,100,4.43,light rain
454,Kyabram,AU,-36.3167,145.05,51.87,86,100,13.56,light rain
455,Jiangyou,CN,31.7667,104.7167,78.66,80,100,2.28,overcast clouds
456,Chandla,IN,25.0833,80.2,80.22,80,72,16.35,broken clouds
457,Faya,SA,18.3851,42.4509,68.11,74,88,2.82,overcast clouds
458,Pilar,BR,-9.5972,-35.9567,75.13,90,3,3.94,clear sky
459,Ayorou,NE,14.7308,0.9174,92.86,40,56,8.66,broken clouds
460,Kununurra,AU,-15.7667,128.7333,73.38,33,18,10.36,few clouds
461,Firavitoba,CO,5.6689,-72.9929,55.31,89,97,3.76,overcast clouds
462,Santa Cruz,BO,-17.8,-63.1667,71.65,30,0,9.22,clear sky
463,Tupik,RU,54.4253,119.9327,53.22,92,100,2.66,overcast clouds
464,Cap Malheureux,MU,-19.9842,57.6142,69.48,64,90,13.0,overcast clouds
465,Panguna,PG,-6.3164,155.4848,73.65,87,94,2.44,light rain
466,Rio Gallegos,AR,-51.6226,-69.2181,42.85,81,0,2.3,clear sky
467,Caravelas,BR,-17.7125,-39.2481,74.25,74,12,15.26,few clouds
468,Karla,EE,59.3723,24.9275,62.56,78,0,6.91,clear sky
469,Nagaur,IN,27.2,73.7333,86.0,61,66,12.41,broken clouds
470,Port Lincoln,AU,-34.7333,135.8667,49.14,82,55,25.52,broken clouds
471,Morgan City,US,29.6994,-91.2068,89.01,83,90,4.05,overcast clouds
472,Am Timan,TD,11.0297,20.2827,72.57,84,99,2.98,overcast clouds
473,Genhe,CN,50.7833,121.5167,52.0,97,100,2.95,overcast clouds
474,Hobyo,SO,5.3505,48.5268,76.48,80,47,22.32,scattered clouds
475,Nizhnyaya Tura,RU,58.6293,59.8118,60.35,96,86,3.42,overcast clouds
476,Najran,SA,17.4924,44.1277,84.85,31,92,2.75,overcast clouds
477,The Valley,AI,18.217,-63.0578,86.14,66,20,16.11,few clouds
478,Okhotsk,RU,59.3833,143.3,57.51,90,100,6.69,overcast clouds
479,Lewiston,US,44.1003,-70.2148,73.71,86,100,8.05,overcast clouds
480,Benguela,AO,-12.5763,13.4055,66.78,86,19,4.12,few clouds
481,Sangar,RU,63.9242,127.4739,60.46,80,0,4.56,clear sky
482,Keita,NE,14.7551,5.7749,89.67,46,89,10.07,overcast clouds
483,Xai-Xai,MZ,-25.0519,33.6442,65.64,87,0,8.16,clear sky
484,Rancho Palos Verdes,US,33.7445,-118.387,98.08,69,0,17.27,clear sky
485,Westport,US,41.1415,-73.3579,89.31,59,0,9.22,clear sky
486,Pochutla,MX,15.7432,-96.4661,87.82,64,94,6.71,overcast clouds
487,Shumskiy,RU,54.8318,99.1328,54.39,97,79,2.82,light rain
488,Flinders,AU,-34.5833,150.8552,56.37,83,89,1.99,overcast clouds
489,Cayenne,GF,4.9333,-52.3333,84.24,1,48,3.44,scattered clouds
490,Verkhnyaya Inta,RU,65.9811,60.3094,49.68,71,93,6.64,overcast clouds
491,Negara,ID,-8.3151,114.6025,74.44,93,52,3.94,broken clouds
492,Kysyl-Syr,RU,63.8986,122.7617,59.22,86,43,4.92,scattered clouds
493,Bangassou,CF,4.7413,22.8184,69.67,97,100,3.02,overcast clouds
494,La Libertad,EC,-2.2333,-80.9,71.26,83,100,10.36,overcast clouds
495,Oskemen,KZ,49.9565,82.6119,60.76,87,47,6.71,scattered clouds
496,Haimen,CN,23.1935,116.6142,76.89,88,10,2.55,clear sky
497,Troutdale,US,45.5393,-122.3873,76.96,60,100,4.61,overcast clouds
498,Vinh,VN,18.6667,105.6667,76.8,93,100,1.1,overcast clouds
499,Marsa Matruh,EG,31.3525,27.2453,79.0,78,0,6.91,clear sky
500,Nsunga,TZ,-1.1439,31.3947,65.07,62,90,2.62,overcast clouds
501,Petropavlovsk-Kamchatskiy,RU,53.0452,158.6483,57.79,88,75,2.24,broken clouds
502,Dhidhdhoo,MV,6.8833,73.1,81.07,86,18,15.46,few clouds
503,Celano,IT,42.0855,13.5398,67.62,94,74,2.42,broken clouds
504,Puntarenas,CR,9.9763,-84.8384,77.63,93,99,5.75,overcast clouds
505,Komarovo,RU,60.1841,29.8175,59.67,76,93,7.16,overcast clouds
506,Aktash,RU,50.3,87.7333,46.71,73,78,1.52,broken clouds
507,Karaton,ID,-6.3424,106.1045,73.04,92,34,0.72,scattered clouds
508,Manta,EC,-0.95,-80.7333,76.78,73,75,12.66,broken clouds
509,Carutapera,BR,-1.195,-46.02,77.52,85,62,6.91,broken clouds
510,Bitkine,TD,11.9801,18.2138,75.4,70,99,6.67,overcast clouds
511,Valparaiso,CL,-33.0393,-71.6273,61.03,88,0,9.22,clear sky
512,Vestmanna,FO,62.1564,-7.1664,50.92,87,75,19.57,broken clouds
513,Chapais,CA,49.7834,-74.8492,72.72,48,39,9.15,scattered clouds
514,Warrnambool,AU,-38.3833,142.4833,48.63,93,100,12.95,light rain
515,Sao Miguel Do Araguaia,BR,-13.275,-50.1628,82.69,37,82,7.31,broken clouds
516,Leca Da Palmeira,PT,41.191,-8.7003,66.94,100,20,1.14,few clouds
517,Rapid Valley,US,44.0625,-103.1463,101.77,24,0,15.99,clear sky
518,Sovetsk,RU,55.0839,21.8785,56.44,79,42,4.5,scattered clouds
519,Launceston,AU,-41.45,147.1667,44.8,97,38,3.44,scattered clouds
520,Zhanaozen,KZ,43.3,52.8,81.75,24,0,9.13,clear sky
521,Jiutai,CN,44.1525,125.8328,64.74,96,99,6.91,overcast clouds
522,Inirida,CO,3.8653,-67.9239,79.27,89,96,3.47,overcast clouds
523,Nivala,FI,63.9167,24.9667,61.68,90,98,7.25,overcast clouds
524,Adre,TD,13.4667,22.2,71.67,89,98,4.0,overcast clouds
525,Nanyamba,TZ,-10.6833,39.8333,62.73,98,88,3.09,overcast clouds
526,Novopokrovka,UA,49.8425,36.5477,76.05,42,100,8.05,overcast clouds
527,Cuyamel,HN,15.6667,-88.2,89.01,84,73,5.5,broken clouds
528,Hong Gai,VN,20.956,107.0946,76.91,98,100,11.92,heavy intensity rain
529,Kieta,PG,-6.2167,155.6333,81.79,79,96,4.68,light rain
530,Narrabri,AU,-30.3167,149.7833,49.51,80,100,1.01,overcast clouds
531,Pedro Ii,BR,-4.4247,-41.4586,78.51,35,39,2.64,scattered clouds
532,Ponnani,IN,10.767,75.9252,76.32,90,91,7.61,overcast clouds
533,Bodden Town,KY,19.2833,-81.25,89.6,76,40,13.8,scattered clouds
534,Somerset East,ZA,-32.7217,25.588,49.77,90,46,3.6,scattered clouds
535,Linhares,BR,-19.3911,-40.0722,73.54,70,91,11.48,overcast clouds
536,Soe,ID,-9.8607,124.284,61.43,88,44,4.61,scattered clouds
537,Bara,NG,10.3744,10.7288,78.1,81,100,8.97,overcast clouds
538,Helong,CN,42.5397,128.9972,65.37,72,100,5.3,overcast clouds
539,High Prairie,CA,55.4334,-116.4858,83.14,41,0,2.8,clear sky
540,Port Moresby,PG,-9.4431,147.1797,74.62,83,20,8.05,haze
541,Domoni,KM,-12.2569,44.5319,73.26,85,4,0.13,clear sky
542,Juneau,US,58.3019,-134.4197,59.0,89,100,5.75,overcast clouds
543,Pisco,PE,-13.7,-76.2167,62.65,77,0,11.5,clear sky
544,Hami,CN,42.8,93.45,88.41,18,45,11.3,scattered clouds
545,Kungurtug,RU,50.5994,97.5228,46.36,95,99,1.7,overcast clouds
546,Bouca,CF,6.5105,18.2733,69.91,98,100,2.21,moderate rain
547,Jizan,SA,17.3333,42.6667,88.74,67,99,6.53,overcast clouds
548,Hearst,CA,49.6835,-83.6665,61.11,78,83,12.55,broken clouds
549,Maceio,BR,-9.6658,-35.7353,76.44,78,0,5.75,clear sky
550,Mokhsogollokh,RU,61.4681,128.9203,57.49,90,99,4.0,overcast clouds
551,Ust-Ilimsk,RU,58.0006,102.6619,55.76,94,100,1.21,light rain
552,Ketchikan,US,55.3422,-131.6461,73.87,46,0,10.36,clear sky
553,Ratnagiri,IN,16.9833,73.3,79.05,87,100,18.59,overcast clouds
554,Aykhal,RU,66.0,111.5,58.48,82,100,4.59,overcast clouds
555,Jibuti,DJ,11.5,42.5,82.44,48,95,5.26,overcast clouds
556,Uglegorsk,RU,49.0833,142.0333,64.09,93,99,9.4,overcast clouds
557,Ternate,ID,0.8,127.4,79.74,81,36,2.75,scattered clouds
558,Ishigaki,JP,24.3448,124.1572,80.73,94,75,1.14,broken clouds
559,Dingle,PH,10.9995,122.6711,75.27,90,94,1.23,overcast clouds
560,Lavrentiya,RU,65.5833,-171.0,50.77,75,100,4.29,overcast clouds
561,Presidente Franco,PY,-25.5333,-54.6167,59.38,72,20,3.44,few clouds
562,Troitskoye,RU,52.9821,84.6757,60.75,85,34,3.67,scattered clouds
563,Georgiyevskoye,RU,58.731,45.024,51.4,98,1,4.45,clear sky
564,Maltahohe,NA,-24.8333,16.9833,58.6,10,0,6.71,clear sky
565,Alice Springs,AU,-23.7,133.8833,54.95,71,100,0.0,overcast clouds
566,Poykovskiy,RU,61.2333,73.3333,57.49,71,0,8.95,clear sky
567,Mount Pleasant,US,32.7941,-79.8626,92.12,70,0,11.5,haze
568,Dzhebariki-Khaya,RU,62.2167,135.8,56.75,93,100,0.04,overcast clouds
569,Ilo,PE,-17.6394,-71.3375,59.86,72,100,5.75,overcast clouds
570,Tura,IN,25.5198,90.2201,73.78,90,80,6.42,broken clouds
571,Havre-Saint-Pierre,CA,50.2334,-63.5986,62.47,78,3,8.39,clear sky
572,Gayeri,BF,12.6497,0.4931,78.31,78,20,8.84,few clouds
573,Santander,ES,43.4647,-3.8044,75.7,91,0,3.44,clear sky
574,Tonantins,BR,-2.8731,-67.8022,79.11,81,97,5.99,overcast clouds
575,Thunder Bay,CA,48.4001,-89.3168,74.55,34,4,10.74,clear sky
576,Bandundu,CD,-3.3167,17.3667,84.9,28,85,4.9,overcast clouds
577,Poum,NC,-20.2333,164.0167,69.87,57,0,19.24,clear sky
578,Hyeres,FR,43.1167,6.1167,79.45,77,0,3.44,clear sky
579,Chumikan,RU,54.7183,135.315,53.94,96,100,8.23,overcast clouds
580,Vostok,RU,46.4856,135.8833,59.85,86,43,4.68,scattered clouds
581,Tsaratanana,MG,-16.7833,47.65,62.49,68,2,14.88,clear sky
582,Botngard,NO,63.7653,9.8111,59.76,94,75,24.16,drizzle rain
583,Cairns,AU,-16.9167,145.7667,70.07,88,100,8.05,overcast clouds
584,Broome,US,42.2506,-75.833,80.71,58,75,6.91,broken clouds
585,Alofi,NU,-19.0595,-169.9187,76.89,78,75,10.36,broken clouds
586,Costa Rica,BR,-23.4167,-54.65,53.04,78,98,6.33,overcast clouds
587,Ornskoldsvik,SE,63.2909,18.7153,61.75,88,100,4.61,overcast clouds
588,Nemuro,JP,43.3236,145.575,66.96,97,61,8.93,broken clouds
589,Morshansk,RU,53.4435,41.8107,62.58,96,100,6.4,overcast clouds
590,Yaransk,RU,57.3033,47.8861,56.28,93,49,6.38,scattered clouds
591,Elixir,HN,15.4833,-86.3,82.15,92,100,1.68,overcast clouds
592,Mahajanga,MG,-15.7167,46.3167,71.62,53,20,9.22,few clouds
593,Olafsvik,IS,64.8945,-23.7142,48.47,79,94,6.67,overcast clouds
594,Trapani,IT,37.8333,12.6667,75.29,78,0,1.14,clear sky
595,San Angelo,US,31.4638,-100.437,82.54,71,40,11.5,moderate rain
596,Pahrump,US,36.2083,-115.9839,98.65,27,3,5.99,clear sky
597,Manaure,CO,11.7751,-72.4445,87.76,58,100,20.36,overcast clouds
598,Meghraj,IN,23.5,73.5,77.05,96,100,7.02,moderate rain
599,Samarai,PG,-10.6167,150.6667,78.28,76,89,17.29,overcast clouds
600,Saint Anthony,US,45.0205,-93.218,87.35,45,0,10.36,clear sky
601,Esmeraldas,BR,-19.7625,-44.3139,74.44,57,100,15.19,overcast clouds
602,Voskresenskoye,RU,56.8381,45.4317,54.63,94,42,5.35,scattered clouds
603,Douglas,US,41.3,-96.167,95.59,41,0,3.44,clear sky
604,Vredefort,ZA,-27.0081,27.3646,53.11,29,0,1.86,clear sky
605,Channel-Port Aux Basques,CA,47.5702,-59.1367,61.27,74,24,8.97,few clouds
606,Kungalv,SE,57.871,11.9805,64.11,91,5,8.59,clear sky
607,Sibiti,CG,-3.6819,13.3499,71.26,65,41,3.47,scattered clouds
608,Diapaga,BF,12.0708,1.7889,76.89,84,47,6.4,scattered clouds
609,Atar,MR,20.5169,-13.0499,96.89,9,47,9.73,scattered clouds
610,Sobolevo,RU,54.4299,31.8996,61.66,71,98,7.63,overcast clouds
611,Qianguo,CN,45.1171,124.8568,61.93,85,0,5.1,clear sky
612,Jaciara,BR,-15.9653,-54.9683,62.37,47,99,5.03,overcast clouds
613,Gurupa,BR,-1.405,-51.64,82.08,57,99,1.74,overcast clouds
614,San Antonio,US,29.4241,-98.4936,104.99,32,0,8.05,clear sky
615,Basco,PH,20.4487,121.9702,83.77,69,100,2.84,overcast clouds
616,Xiaolingwei,CN,32.0333,118.85,82.38,72,98,1.68,overcast clouds
617,Gao,ML,16.6362,1.637,94.33,34,52,9.1,broken clouds
618,Bogalusa,US,30.791,-89.8487,83.79,93,100,0.76,overcast clouds
619,Sucua,EC,-2.4667,-78.1667,75.94,73,75,8.05,moderate rain
620,Pimenta Bueno,BR,-11.6725,-61.1936,75.79,46,36,4.16,scattered clouds
621,Salina,US,38.8403,-97.6114,98.02,38,0,10.36,clear sky
622,Qostanay,KZ,53.1667,63.5833,64.69,77,0,6.71,clear sky
623,Hay River,CA,60.8156,-115.7999,80.92,31,73,13.31,broken clouds
624,Sabha,LY,27.0377,14.4283,87.87,25,0,16.11,clear sky
625,Elizabeth City,US,36.2946,-76.2511,95.02,50,0,14.97,clear sky
626,Padilla,CO,3.2204,-76.3139,87.37,74,89,0.94,overcast clouds
627,Grand-Santi,GF,4.25,-54.3833,81.36,70,95,2.19,overcast clouds
628,Medina Del Campo,ES,41.3124,-4.9141,76.6,51,17,9.66,few clouds
629,Salisbury,GB,51.0693,-1.7957,73.69,58,0,4.61,clear sky
630,Roald,NO,62.5833,6.1333,67.15,94,75,25.32,light intensity drizzle rain
631,Iskateley,RU,67.6803,53.1512,54.86,70,78,8.05,broken clouds
632,Oskarshamn,SE,57.2645,16.4484,58.98,73,40,7.4,scattered clouds
633,Mogadishu,SO,2.0371,45.3438,76.08,85,100,18.25,light rain
634,Griffith,US,41.5284,-87.4237,87.12,53,0,8.05,clear sky
635,Saint-Augustin,CA,51.226,-58.6502,64.22,57,0,10.71,clear sky
636,Kruisfontein,ZA,-34.0033,24.7314,50.88,86,99,4.59,overcast clouds
637,Margate,GB,51.3813,1.3862,69.31,88,1,5.01,clear sky
638,Laguna,US,38.421,-121.4238,92.43,33,0,9.22,clear sky
639,Comodoro Rivadavia,AR,-45.8667,-67.5,58.86,38,0,11.5,clear sky
640,Kenora,CA,49.8167,-94.4337,75.02,33,4,9.78,clear sky
641,Acapulco,MX,16.8634,-99.8901,85.82,70,75,10.36,broken clouds
642,Yushu,CN,44.8,126.5333,63.36,91,59,10.38,broken clouds
643,Saint-Leu,RE,-21.15,55.2833,67.06,65,31,4.79,scattered clouds
644,Conceicao Da Barra,BR,-18.5933,-39.7322,74.3,73,55,16.64,broken clouds
645,Kyabe,TD,9.4515,18.9449,72.7,92,100,2.01,overcast clouds
646,Mocuba,MZ,-16.8392,36.9856,64.17,89,0,2.66,clear sky
647,Nelson Bay,AU,-32.7167,152.15,53.01,100,38,1.01,scattered clouds
648,Andapa,MG,-14.65,49.65,56.32,97,39,3.18,scattered clouds
649,Vardo,NO,70.3705,31.1107,57.18,94,20,14.97,few clouds
650,Takoradi,GH,4.8845,-1.7554,73.44,87,35,7.2,scattered clouds
651,Muros,ES,42.7762,-9.0603,68.09,92,45,2.75,scattered clouds
652,Sampit,ID,-2.5333,112.95,74.68,94,100,2.24,overcast clouds
653,Qiryat Gat,IL,31.61,34.7642,79.48,100,2,2.66,clear sky
654,Galdar,ES,28.147,-15.6502,72.1,80,23,12.66,few clouds
655,Podor,MR,16.6527,-14.9587,87.75,66,0,4.61,clear sky
656,Usinsk,RU,65.9939,57.5281,52.05,59,94,5.95,overcast clouds
657,Truro,GB,50.2653,-5.0544,67.28,77,0,5.75,clear sky
658,Havoysund,NO,70.9963,24.6622,55.63,92,100,3.62,overcast clouds
659,Bay Roberts,CA,47.5999,-53.2648,59.32,88,100,8.99,overcast clouds
660,Porto Santo,PT,33.072,-16.3415,70.18,78,40,11.5,scattered clouds
661,Groningen,NL,53.25,6.75,67.21,82,69,6.91,broken clouds
662,Hambantota,LK,6.1241,81.1185,77.34,100,20,9.22,few clouds
663,Oranjemund,NA,-28.55,16.4333,53.62,88,100,2.55,overcast clouds
664,Palmer,US,42.1584,-72.3287,84.2,48,20,10.36,few clouds
665,Chernyshevskiy,RU,63.0128,112.4714,52.66,85,72,3.13,broken clouds
666,Zemio,CF,5.0314,25.1361,69.82,97,100,2.21,light rain
667,Mackay,AU,-21.15,149.2,59.68,73,83,12.68,broken clouds
668,Maumere,ID,-8.6199,122.2111,79.25,79,84,1.74,broken clouds
669,Ponta Delgada,PT,37.7333,-25.6667,73.51,73,20,10.36,few clouds
670,Toora-Khem,RU,52.4675,96.11,48.74,87,2,1.05,clear sky
671,Umm Kaddadah,SD,13.6017,26.6876,83.28,59,99,6.8,overcast clouds
672,Isiro,CD,2.7739,27.616,66.07,97,98,1.16,light rain
673,Bilibino,RU,68.0546,166.4372,66.63,71,17,4.52,few clouds
674,Prado,BR,-17.3411,-39.2208,74.08,74,14,17.65,few clouds
675,Nadym,RU,65.5333,72.5167,50.0,69,60,6.73,broken clouds
676,Pindobacu,BR,-10.7417,-40.3608,71.11,42,3,2.33,clear sky
677,Srivardhan,IN,18.0333,73.0167,79.5,86,100,19.42,overcast clouds
678,Kuruman,ZA,-27.4524,23.4325,57.42,27,30,5.3,scattered clouds
679,Maningrida,AU,-12.0667,134.2667,68.99,93,35,7.11,scattered clouds
680,Sao Jose Do Rio Preto,BR,-20.8197,-49.3794,59.27,55,0,16.11,clear sky
681,Palu,ID,-0.8917,119.8707,75.15,93,97,2.53,overcast clouds
682,Oudtshoorn,ZA,-33.5907,22.2014,53.96,88,100,2.53,overcast clouds
683,Lipin Bor,RU,60.2622,37.9763,56.82,76,21,7.43,few clouds
684,Aginskoye,RU,51.1,114.53,58.23,67,100,4.72,overcast clouds
685,Luba,GQ,3.4568,8.5547,76.89,90,100,8.81,light rain
686,Great Yarmouth,GB,52.6083,1.7305,66.94,86,3,9.69,clear sky
687,Kumta,IN,14.4167,74.4,78.82,86,100,16.84,overcast clouds
688,Trinidad,BO,-14.8333,-64.9,75.18,35,0,6.91,clear sky
689,San Isidro,PE,-12.1167,-77.05,69.01,68,100,6.91,overcast clouds
690,Villa Carlos Paz,AR,-31.4241,-64.4978,56.82,37,72,17.0,broken clouds
691,Pitimbu,BR,-7.4706,-34.8086,77.59,80,5,10.02,clear sky
692,Fuzhou,CN,26.0614,119.3061,82.29,90,84,1.59,broken clouds
693,San Luis Potosi,MX,22.5,-100.5,83.97,29,12,13.8,few clouds
694,Los Cedrales,PY,-25.65,-54.7,59.16,79,55,2.77,broken clouds
695,Toropets,RU,56.4978,31.6353,56.19,80,49,3.78,scattered clouds
696,General Roca,AR,-39.0333,-67.5833,53.74,48,97,8.23,overcast clouds
697,Riyadh,SA,24.6877,46.7219,102.34,15,84,12.95,broken clouds
